{"cameraMode":{"drawMode":0,"name":"Shaded","section":"Shading Mode"},"sceneLighting":false,"audioPlay":false,"sceneViewState":{"m_AlwaysRefresh":false,"showFog":true,"showSkybox":false,"showFlares":true,"showImageEffects":true,"showParticleSystems":true,"showVisualEffectGraphs":true,"m_FxEnabled":true},"in2DMode":false,"pivot":{"x":-0.8192708492279053,"y":0.6561056971549988,"z":0.45278823375701907},"rotation":{"x":0.051889367401599887,"y":0.7686883211135864,"z":0.06286229938268662,"w":-0.6344689130783081},"size":1.657027006149292,"orthographic":false}