{"cameraMode":{"drawMode":0,"name":"Shaded","section":"Shading Mode"},"sceneLighting":false,"audioPlay":false,"sceneViewState":{"m_AlwaysRefresh":false,"showFog":true,"showSkybox":false,"showFlares":true,"showImageEffects":true,"showParticleSystems":true,"showVisualEffectGraphs":true,"m_FxEnabled":true},"in2DMode":false,"pivot":{"x":5.043983459472656,"y":-1.0418932437896729,"z":15.404102325439454},"rotation":{"x":0.19188469648361207,"y":-0.03444138169288635,"z":0.0067331260070204739,"w":0.9808026552200317},"size":5.688041687011719,"orthographic":false}