{"cameraMode":{"drawMode":0,"name":"Shaded","section":"Shading Mode"},"sceneLighting":false,"audioPlay":false,"sceneViewState":{"m_AlwaysRefresh":false,"showFog":true,"showSkybox":false,"showFlares":true,"showImageEffects":true,"showParticleSystems":true,"showVisualEffectGraphs":true,"m_FxEnabled":true},"in2DMode":false,"pivot":{"x":3.788127899169922,"y":1.5742366313934327,"z":7.513411998748779},"rotation":{"x":-0.01566469296813011,"y":-0.8772402405738831,"z":0.028698550537228586,"w":-0.47898155450820925},"size":5.588963031768799,"orthographic":false}